Address,Try count,rDNS result,City,Region,Country,ISP
0.0.0.0,1,,,,,
201.217.3.86,1,ntp2.copaco.com.py,Asunción,Asunción,PY,AS27768 COMPAÑIA PARAGUAYA DE COMUNICACIONES S.A. (COPACO S.A.)
178.62.250.107,1,ams.aput.net,Amsterdam,North Holland,NL,"AS14061 DigitalOcean, LLC"
192.168.254.31,24,,,,,
192.168.254.11,25,,,,,
212.83.158.83,1,dedibox.demongeot.biz,Paris,Île-de-France,FR,AS12876 ONLINE S.A.S.
118.195.252.158,21,,Beijing,Beijing,CN,AS45090 Shenzhen Tencent Computer Systems Company Limited
47.145.115.150,1,,Norwalk,California,US,"AS5650 Frontier Communications of America, Inc."
192.241.205.74,1,,San Francisco,California,US,"AS14061 DigitalOcean, LLC"
27.128.170.209,1,,Beijing,Beijing,CN,AS4134 CHINANET-BACKBONE
36.112.171.51,572,,Beijing,Beijing,CN,AS4847 China Networks Inter-Exchange
45.41.205.53,110,dontbeafraid.live,Arlington Heights,Illinois,US,AS32181 GigeNET
125.212.235.215,86,,Hanoi,Hanoi,VN,AS38731 Vietel - CHT Compamy Ltd
71.19.249.17,4,android.glassloan.us,Vancouver,British Columbia,CA,AS11831 eSecureData
24.196.161.11,1,024-196-161-011.res.spectrum.com,Waynesville,North Carolina,US,AS20115 Charter Communications
13.76.164.123,82,,Singapore,Singapore,SG,AS8075 Microsoft Corporation
101.34.213.25,113,,Beijing,Beijing,CN,AS45090 Shenzhen Tencent Computer Systems Company Limited
161.35.54.5,1,,North Bergen,New Jersey,US,"AS14061 DigitalOcean, LLC"
152.32.128.128,95,,Hong Kong,Central and Western,HK,AS135377 UCLOUD INFORMATION TECHNOLOGY (HK) LIMITED
91.165.131.14,8,91-165-131-14.subs.proxad.net,Albi,Occitanie,FR,AS12322 Free SAS
192.241.194.196,1,,San Francisco,California,US,"AS14061 DigitalOcean, LLC"
3.101.148.170,5,ec2-3-101-148-170.us-west-1.compute.amazonaws.com,San Jose,California,US,"AS16509 Amazon.com, Inc."
175.6.67.167,4,,Zhongshan,Guangdong,CN,AS63835 CT-HuNan-Changsha-IDC
223.75.223.210,25,,Wuhan,Hubei,CN,"AS9808 China Mobile Communications Group Co., Ltd."
81.70.221.23,66,,Beijing,Beijing,CN,AS45090 Shenzhen Tencent Computer Systems Company Limited
58.229.6.213,1,,Seoul,Seoul,KR,AS9318 SK Broadband Co Ltd
59.62.60.19,110,,Nanchang,Jiangxi,CN,AS4134 CHINANET-BACKBONE
124.221.121.194,88,,Beijing,Beijing,CN,AS45090 Shenzhen Tencent Computer Systems Company Limited
120.48.120.83,101,,Beijing,Beijing,CN,"AS38365 Beijing Baidu Netcom Science and Technology Co., Ltd."
5.135.142.115,82,ns3127002.ip-5-135-142.eu,Roubaix,Hauts-de-France,FR,AS16276 OVH SAS
117.158.245.136,114,,Zhengzhou,Henan,CN,"AS24445 Henan Mobile Communications Co.,Ltd"
64.227.24.192,122,,North Bergen,New Jersey,US,"AS14061 DigitalOcean, LLC"
147.182.179.144,126,,North Bergen,New Jersey,US,"AS14061 DigitalOcean, LLC"
192.168.254.140,18,,,,,
192.241.194.247,1,,San Francisco,California,US,"AS14061 DigitalOcean, LLC"
193.3.19.178,2,,Moscow,Moscow,RU,AS50340 OOO Network of data-centers Selectel
64.62.197.101,2,scan-39j.shadowserver.org,Pleasanton,California,US,AS6939 Hurricane Electric LLC
141.98.11.57,80,srv-141-98-11-57.serveroffer.net,Vilnius,Vilnius,LT,AS209605 UAB Host Baltic
14.105.22.154,6,,Chongqing,Chongqing,CN,AS4134 CHINANET-BACKBONE
87.236.176.217,2,natural.monitoring.internet-measurement.com,Constantine,England,GB,AS211298 Constantine Cybersecurity Ltd.
167.94.145.58,1,,Frankfurt am Main,Hesse,DE,"AS398705 Censys, Inc."
159.223.97.108,110,,North Bergen,New Jersey,US,"AS14061 DigitalOcean, LLC"
159.203.63.181,1,,Toronto,Ontario,CA,"AS14061 DigitalOcean, LLC"
61.177.173.48,231,,Wuxi,Jiangsu,CN,AS4134 CHINANET-BACKBONE
61.177.173.53,119,,Wuxi,Jiangsu,CN,AS4134 CHINANET-BACKBONE
49.235.99.150,98,,Shanghai,Shanghai,CN,AS45090 Shenzhen Tencent Computer Systems Company Limited
61.177.172.124,63,,Wuxi,Jiangsu,CN,AS4134 CHINANET-BACKBONE
61.177.172.104,210,,Wuxi,Jiangsu,CN,AS4134 CHINANET-BACKBONE
61.177.173.51,98,,Wuxi,Jiangsu,CN,AS4134 CHINANET-BACKBONE
61.177.172.19,224,,Wuxi,Jiangsu,CN,AS4134 CHINANET-BACKBONE
61.177.173.47,84,,Wuxi,Jiangsu,CN,AS4134 CHINANET-BACKBONE
61.177.173.49,42,,Wuxi,Jiangsu,CN,AS4134 CHINANET-BACKBONE
61.177.172.114,140,,Wuxi,Jiangsu,CN,AS4134 CHINANET-BACKBONE
61.177.173.35,77,,Wuxi,Jiangsu,CN,AS4134 CHINANET-BACKBONE
61.177.173.39,147,,Wuxi,Jiangsu,CN,AS4134 CHINANET-BACKBONE
172.105.128.11,3,oslo.scan.bufferover.run,Morris Plains,New Jersey,US,"AS63949 Akamai Technologies, Inc."
61.177.172.98,112,,Wuxi,Jiangsu,CN,AS4134 CHINANET-BACKBONE
61.177.173.50,56,,Wuxi,Jiangsu,CN,AS4134 CHINANET-BACKBONE
61.177.172.108,112,,Wuxi,Jiangsu,CN,AS4134 CHINANET-BACKBONE
176.118.30.171,17,,Novosibirsk,Novosibirsk Oblast,RU,AS8359 MTS PJSC
61.177.172.90,133,,Wuxi,Jiangsu,CN,AS4134 CHINANET-BACKBONE
61.177.173.37,105,,Wuxi,Jiangsu,CN,AS4134 CHINANET-BACKBONE
61.177.173.36,105,,Wuxi,Jiangsu,CN,AS4134 CHINANET-BACKBONE
61.177.173.52,84,,Wuxi,Jiangsu,CN,AS4134 CHINANET-BACKBONE
159.65.47.156,2,,Clifton,New Jersey,US,"AS14061 DigitalOcean, LLC"
180.32.133.115,4,p148115-ipngn200304matuyama.ehime.ocn.ne.jp,Matsuyama,Ehime,JP,AS4713 NTT Communications Corporation
20.173.96.110,122,,Doha,Baladīyat ad Dawḩah,QA,AS8075 Microsoft Corporation
45.137.201.3,122,,Milan,Lombardy,IT,AS39120 Convergenze S.p.A.
117.251.85.118,1,,Faridabad,Haryana,IN,AS9829 National Internet Backbone
61.177.173.46,41,,Wuxi,Jiangsu,CN,AS4134 CHINANET-BACKBONE
183.146.30.163,9,,Hangzhou,Zhejiang,CN,AS4134 CHINANET-BACKBONE
103.195.236.159,114,,Ho Chi Minh City,Ho Chi Minh,VN,AS140827 AZ VIET NAM COMMUNICATIONS TECHNOLOGY COMPANY LIMITED
218.92.0.221,35,,Nanjing,Jiangsu,CN,AS4134 CHINANET-BACKBONE
67.205.149.34,114,,North Bergen,New Jersey,US,"AS14061 DigitalOcean, LLC"
106.75.171.70,2,mail.ivzcqv.cn,Shenzhen,Guangdong,CN,AS58466 CHINANET Guangdong province network
